config,fold,pr_auc,roc_auc,fraud_rate,seconds
row-level only,1,0.8465,0.9836,0.0048,20.1
row-level only,2,0.8857,0.9946,0.0051,29.1
row-level only,3,0.8766,0.9956,0.0051,32.0
row-level only,4,0.9104,0.9948,0.0065,39.8
row-level only,5,0.8903,0.9974,0.0058,45.6
+ behavioural history,1,0.8453,0.9881,0.0048,23.0
+ behavioural history,2,0.8907,0.9958,0.0051,35.7
+ behavioural history,3,0.8853,0.9932,0.0051,44.6
+ behavioural history,4,0.9022,0.9954,0.0065,45.6
+ behavioural history,5,0.9057,0.9971,0.0058,52.6
